{
  "n_vectors": 1000,
  "dim": 512,
  "algorithms": {
    "brute-force": {
      "build_s": 0.0,
      "p50_ms": 0.04454400001122849,
      "recall@10": 1.0
    },
    "faiss_flat": {
      "build_s": 0.001250600000275881,
      "p50_ms": 0.06885000038892031,
      "recall@10": 1.0
    },
    "faiss_ivf-pq": {
      "build_s": 0.21223529999952007,
      "p50_ms": 0.04850000004807953,
      "recall@10": 1.0
    },
    "hnsw_hnswlib": {
      "build_s": 0.02604550000069139,
      "p50_ms": 0.11674999950628262,
      "recall@10": 1.0
    },
    "lsh": {
      "build_s": 0.08382989999881829,
      "p50_ms": 0.10469999961060239,
      "recall@10": 1.0
    },
    "annoy": {
      "build_s": 0.05874530000073719,
      "p50_ms": 0.3587500004869071,
      "recall@10": 1.0
    }
  }
}