{
  "FAISS_IVFPQ": {
    "recall@1": 0.11,
    "recall@5": 0.246,
    "recall@10": 0.32,
    "mAP": 0.1692920634920635,
    "mrr": 0.16929206349206347,
    "latency": {
      "mean_ms": 1.5059560000008787,
      "std_ms": 0.27024850919447374,
      "p50_ms": 1.3984499992147903,
      "p95_ms": 2.0826150005632367,
      "p99_ms": 2.456554999571381,
      "min_ms": 1.20499999866297,
      "max_ms": 3.058600001168088
    },
    "build_time_s": 3.1169791000011173
  },
  "HNSW_hnswlib": {
    "recall@1": 0.216,
    "recall@5": 0.446,
    "recall@10": 0.548,
    "mAP": 0.3153166666666667,
    "mrr": 0.3153166666666667,
    "latency": {
      "mean_ms": 1.2299739999943995,
      "std_ms": 0.3005204649024721,
      "p50_ms": 1.2219000009281444,
      "p95_ms": 1.7963049999707432,
      "p99_ms": 2.017470999653596,
      "min_ms": 0.5258999990473967,
      "max_ms": 2.3615999998582993
    },
    "build_time_s": 4.213538800000606
  },
  "LSH": {
    "recall@1": 0.218,
    "recall@5": 0.45,
    "recall@10": 0.552,
    "mAP": 0.31810555555555553,
    "mrr": 0.3181055555555555,
    "latency": {
      "mean_ms": 27.996931799960294,
      "std_ms": 4.361838805852721,
      "p50_ms": 26.48225000120874,
      "p95_ms": 36.68638500121233,
      "p99_ms": 41.11841499932779,
      "min_ms": 21.37339999899268,
      "max_ms": 44.10209999878134
    },
    "build_time_s": 3.1100900000001275
  },
  "Annoy": {
    "recall@1": 0.17,
    "recall@5": 0.298,
    "recall@10": 0.348,
    "mAP": 0.22288730158730158,
    "mrr": 0.22288730158730158,
    "latency": {
      "mean_ms": 1.20647120004287,
      "std_ms": 0.3449947072207257,
      "p50_ms": 1.1835999994218582,
      "p95_ms": 1.5669050003452856,
      "p99_ms": 1.9435710003563138,
      "min_ms": 0.7172999994509155,
      "max_ms": 7.178800000474439
    },
    "build_time_s": 3.7797831000007136
  }
}