{
  "pca_64d": {
    "recall@1": 0.012,
    "recall@5": 0.042,
    "recall@10": 0.06,
    "mAP": 0.023252380952380955,
    "mrr": 0.023252380952380948,
    "latency": {
      "mean_ms": 0.10601840000890661,
      "std_ms": 0.03173822013719913,
      "p50_ms": 0.09619999946153257,
      "p95_ms": 0.1660249990891315,
      "p99_ms": 0.24182799856134804,
      "min_ms": 0.0804999999672873,
      "max_ms": 0.41599999894970097
    },
    "reduction_time_s": 0.26645430000098713,
    "build_time_s": 0.3503005000002304,
    "explained_variance": 0.6525999903678894
  },
  "pca_128d": {
    "recall@1": 0.014,
    "recall@5": 0.05,
    "recall@10": 0.084,
    "mAP": 0.030257142857142857,
    "mrr": 0.030257142857142854,
    "latency": {
      "mean_ms": 0.26863999996203347,
      "std_ms": 0.0760481497763102,
      "p50_ms": 0.27880000016011763,
      "p95_ms": 0.3710050000336196,
      "p99_ms": 0.4250520001733093,
      "min_ms": 0.17289999959757552,
      "max_ms": 0.5591999997704988
    },
    "reduction_time_s": 0.4475832999996783,
    "build_time_s": 0.5754632999996829,
    "explained_variance": 0.790547251701355
  },
  "pca_256d": {
    "recall@1": 0.014,
    "recall@5": 0.036,
    "recall@10": 0.07,
    "mAP": 0.025475396825396825,
    "mrr": 0.025475396825396818,
    "latency": {
      "mean_ms": 0.36213840005439124,
      "std_ms": 0.08704270836351348,
      "p50_ms": 0.39074999949662015,
      "p95_ms": 0.4752249997181933,
      "p99_ms": 0.5382269999427081,
      "min_ms": 0.21399999968707561,
      "max_ms": 0.6656000005023088
    },
    "reduction_time_s": 0.24622089999866148,
    "build_time_s": 1.8980612000013934,
    "explained_variance": 0.9251664876937866
  },
  "umap_64d": {
    "recall@1": 0.008,
    "recall@5": 0.054,
    "recall@10": 0.098,
    "mAP": 0.027930952380952376,
    "mrr": 0.02793095238095238,
    "latency": {
      "mean_ms": 0.1872785999585176,
      "std_ms": 0.030054721436445525,
      "p50_ms": 0.18079999972542282,
      "p95_ms": 0.2383249991908087,
      "p99_ms": 0.271613999902911,
      "min_ms": 0.09920000047713984,
      "max_ms": 0.3659999983938178
    },
    "reduction_time_s": 85.17122329999984,
    "build_time_s": 0.46353540000018256
  },
  "umap_128d": {
    "recall@1": 0.006,
    "recall@5": 0.058,
    "recall@10": 0.102,
    "mAP": 0.02898095238095238,
    "mrr": 0.02898095238095238,
    "latency": {
      "mean_ms": 0.36985119998280425,
      "std_ms": 0.11155551430782573,
      "p50_ms": 0.40069999977276893,
      "p95_ms": 0.5258150001282047,
      "p99_ms": 0.5730020011469605,
      "min_ms": 0.17269999989366625,
      "max_ms": 0.7304999999178108
    },
    "reduction_time_s": 86.84281359999841,
    "build_time_s": 0.8284774999992806
  },
  "umap_256d": {
    "recall@1": 0.014,
    "recall@5": 0.05,
    "recall@10": 0.088,
    "mAP": 0.031117460317460318,
    "mrr": 0.03111746031746031,
    "latency": {
      "mean_ms": 0.3486135999773978,
      "std_ms": 0.0971317921680511,
      "p50_ms": 0.2923500005636015,
      "p95_ms": 0.5024250001952169,
      "p99_ms": 0.5509610005174179,
      "min_ms": 0.2057999990938697,
      "max_ms": 0.7468000003427733
    },
    "reduction_time_s": 130.74611960000038,
    "build_time_s": 2.0779426999997668
  }
}