{
  "pure_dense": {
    "recall@1": 0.24,
    "recall@5": 0.45,
    "recall@10": 0.555,
    "mAP@10": 0.32959920634920636,
    "mrr": 0.3295992063492066,
    "total_time_s": 0.41115759999956936,
    "qps": 486.431480289333,
    "latency": {
      "mean_ms": 2.0464485000411514,
      "std_ms": 0.27269879109731604,
      "p50_ms": 2.0208500000080676,
      "p95_ms": 2.505710001241823,
      "p99_ms": 2.622553999772206,
      "min_ms": 1.5820000007806811,
      "max_ms": 3.7931000006210525
    }
  },
  "pure_sparse": {
    "recall@1": 0.305,
    "recall@5": 0.405,
    "recall@10": 0.455,
    "mAP@10": 0.34689285714285717,
    "mrr": 0.34689285714285717,
    "total_time_s": 84.97857079999994,
    "qps": 2.3535345219056114,
    "latency": {
      "mean_ms": 424.8838959999739,
      "std_ms": 202.96538640755116,
      "p50_ms": 404.5319999995627,
      "p95_ms": 788.6426750007556,
      "p99_ms": 929.4552059995992,
      "min_ms": 66.24379999993835,
      "max_ms": 1356.5636000002996
    }
  },
  "fixed_weight": {
    "recall@1": 0.385,
    "recall@5": 0.55,
    "recall@10": 0.615,
    "mAP@10": 0.4592242063492064,
    "mrr": 0.45922420634920635,
    "total_time_s": 84.29736629999934,
    "qps": 2.3725533641019765,
    "latency": {
      "mean_ms": 421.48015350000605,
      "std_ms": 199.05826095700473,
      "p50_ms": 407.3257999998532,
      "p95_ms": 795.9245149996601,
      "p99_ms": 897.6177490005075,
      "min_ms": 80.44949999930395,
      "max_ms": 1285.1515999991534
    }
  },
  "adaptive": {
    "recall@1": 0.425,
    "recall@5": 0.585,
    "recall@10": 0.635,
    "mAP@10": 0.4960753968253968,
    "mrr": 0.49607539682539686,
    "total_time_s": 84.4718697999997,
    "qps": 2.367652100912779,
    "latency": {
      "mean_ms": 422.35253300003023,
      "std_ms": 201.2380709368518,
      "p50_ms": 405.05315000064,
      "p95_ms": 785.8442300004747,
      "p99_ms": 942.3638380011083,
      "min_ms": 68.76280000142287,
      "max_ms": 1239.5914000007906
    }
  }
}