{
  "text_to_image": {
    "recall@1": 0.22,
    "recall@5": 0.44,
    "recall@10": 0.55,
    "mAP@10": 0.31735582010582014,
    "mrr": 0.31735582010582014,
    "build_time_s": 4.798339099999794,
    "latency": {
      "mean_ms": 1.3712126666723634,
      "std_ms": 0.4182773434450321,
      "p50_ms": 1.3103000001137843,
      "p95_ms": 2.2116549999964263,
      "p99_ms": 2.714955000060399,
      "min_ms": 0.5513999999493535,
      "max_ms": 3.250199999911274
    }
  },
  "image_to_text": {
    "recall@1": 0.36666666666666664,
    "recall@5": 0.6333333333333333,
    "recall@10": 0.7233333333333334,
    "mAP@10": 0.22058597883597883,
    "mrr": 0.47504497354497355,
    "build_time_s": 38.37194580000005,
    "latency": {
      "mean_ms": 1.4057783333297873,
      "std_ms": 0.3256493354717889,
      "p50_ms": 1.3944999998329877,
      "p95_ms": 1.9067399996856693,
      "p99_ms": 2.105427999963465,
      "min_ms": 0.611899999967136,
      "max_ms": 2.584899999874324
    }
  },
  "t2i_bruteforce_upperbound": {
    "recall@1": 0.22,
    "recall@5": 0.44333333333333336,
    "recall@10": 0.5566666666666666,
    "mAP@10": 0.31943915343915347,
    "mrr": 0.31943915343915347
  },
  "i2t_bruteforce_upperbound": {
    "recall@1": 0.37,
    "recall@5": 0.64,
    "recall@10": 0.74,
    "mAP@10": 0.2232074074074074,
    "mrr": 0.48216534391534394
  }
}